<?xml version="1.0" encoding="utf-8"?>
<seyretxml>
	<name>Default Theme for Seyret</name>
	<packageversion>3</packageversion>
	<type>seyrettheme</type>
	<date>31.08.08</date>
	<author>Joomlaholic Team</author>
	<authorEmail>dindarm@gmail.com</authorEmail>
	<authorUrl>http://www.joomlaholic.com</authorUrl>
	<copyright>2008 Joomlaholic Team</copyright>
	<description>Default theme for Seyret. Initial test release...</description>
	<targetfolder>/components/com_seyret/themes/default</targetfolder>
	<compatibility>0.2.8.1; 0.2.8.2</compatibility>
	<files>
		     <filename>default.xml</filename>
            <filename>images/addfromserver.png</filename>
            <filename>images/ascend.png</filename>
            <filename>images/blank.gif</filename>
            <filename>images/b_icons/ask.png</filename>
            <filename>images/b_icons/blinkbits_trans.gif</filename>
            <filename>images/b_icons/blinklist_trans.gif</filename>
            <filename>images/b_icons/blogmarks_trans.gif</filename>
            <filename>images/b_icons/delicious.png</filename>
            <filename>images/b_icons/digg.png</filename>
            <filename>images/b_icons/diigo_trans.gif</filename>
            <filename>images/b_icons/facebook.png</filename>
            <filename>images/b_icons/folkd_trans.gif</filename>
            <filename>images/b_icons/furl.png</filename>
            <filename>images/b_icons/gnolia_trans.gif</filename>
            <filename>images/b_icons/google.png</filename>
            <filename>images/b_icons/google_trans.gif</filename>
            <filename>images/b_icons/index.html</filename>
            <filename>images/b_icons/live.png</filename>
            <filename>images/b_icons/magnolia.png</filename>
            <filename>images/b_icons/netscape.png</filename>
            <filename>images/b_icons/netscape_trans.gif</filename>
            <filename>images/b_icons/netvouz_trans.gif</filename>
            <filename>images/b_icons/newsvine.png</filename>
            <filename>images/b_icons/newsvine_trans.gif</filename>
            <filename>images/b_icons/ning.png</filename>
            <filename>images/b_icons/oneview_trans.gif</filename>
            <filename>images/b_icons/rawsugar.png</filename>
            <filename>images/b_icons/reddit.png</filename>
            <filename>images/b_icons/simpy.png</filename>
            <filename>images/b_icons/slashdot_trans.gif</filename>
            <filename>images/b_icons/smarking_trans.gif</filename>
            <filename>images/b_icons/spurl.png</filename>
            <filename>images/b_icons/spurl_trans.gif</filename>
            <filename>images/b_icons/squidoo.png</filename>
            <filename>images/b_icons/stumble1.gif</filename>
            <filename>images/b_icons/stumbleupon_trans.gif</filename>
            <filename>images/b_icons/tagtooga.png</filename>
            <filename>images/b_icons/technorati.png</filename>
            <filename>images/b_icons/technorati_trans.gif</filename>
            <filename>images/b_icons/webnews_trans.gif</filename>
            <filename>images/b_icons/yahoo.png</filename>
            <filename>images/catbotleft.png</filename>
            <filename>images/catbotmid.png</filename>
            <filename>images/catbotright.png</filename>
            <filename>images/catleft.png</filename>
            <filename>images/catright.png</filename>
            <filename>images/cattopleft.png</filename>
            <filename>images/cattopmid.png</filename>
            <filename>images/cattopright.png</filename>
            <filename>images/checklist.png</filename>
            <filename>images/close.png</filename>
            <filename>images/delete.png</filename>
            <filename>images/descend.png</filename>
            <filename>images/directory.gif</filename>
            <filename>images/dot.gif</filename>
            <filename>images/download.png</filename>
            <filename>images/edit.png</filename>
            <filename>images/embedicon.png</filename>
            <filename>images/english/addvideo.png</filename>
            <filename>images/english/addvideo_2.png</filename>
            <filename>images/english/allvideos.png</filename>
            <filename>images/english/allvideos_2.png</filename>
            <filename>images/english/batchconversion.png</filename>
            <filename>images/english/batchconversion_2.png</filename>
            <filename>images/english/featured.png</filename>
            <filename>images/english/featured_2.png</filename>
            <filename>images/english/help.png</filename>
            <filename>images/english/help_2.png</filename>
            <filename>images/english/home.png</filename>
            <filename>images/english/home_2.png</filename>
            <filename>images/english/index.html</filename>
            <filename>images/english/myvideos.png</filename>
            <filename>images/english/myvideos_2.png</filename>
            <filename>images/english/pendingvideos.png</filename>
            <filename>images/english/pendingvideos_2.png</filename>
            <filename>images/english/reportedvideos.png</filename>
            <filename>images/english/reportedvideos_2.png</filename>
            <filename>images/english/uploadvideo.png</filename>
            <filename>images/english/uploadvideo_2.png</filename>
            <filename>images/failed.png</filename>
            <filename>images/fileupload.png</filename>
            <filename>images/frombackup.png</filename>
            <filename>images/fullscreen.png</filename>
            <filename>images/gopage.png</filename>
            <filename>images/gotorss.png</filename>
            <filename>images/index.html</filename>
            <filename>images/infoback.jpg</filename>
            <filename>images/left.png</filename>
            <filename>images/loaderbar.jpg</filename>
            <filename>images/messagelist.png</filename>
            <filename>images/module_addeddate.png</filename>
            <filename>images/module_category.png</filename>
            <filename>images/module_click.png</filename>
            <filename>images/module_download.png</filename>
            <filename>images/module_favorite.png</filename>
            <filename>images/module_rating.png</filename>
            <filename>images/module_user.png</filename>
            <filename>images/myplaylist.png</filename>
            <filename>images/noaccess.png</filename>
            <filename>images/noavatar.jpg</filename>
            <filename>images/playlisttoggler.png</filename>
            <filename>images/postponed.png</filename>
            <filename>images/quoteicon.gif</filename>
            <filename>images/refresh.png</filename>
            <filename>images/removequee.png</filename>
            <filename>images/replylistback.png</filename>
            <filename>images/replylistforward.png</filename>
            <filename>images/report.png</filename>
            <filename>images/right.png</filename>
            <filename>images/rss.png</filename>
            <filename>images/rssbig.png</filename>
            <filename>images/search.png</filename>
            <filename>images/share.png</filename>
            <filename>images/star0.png</filename>
            <filename>images/starfull.png</filename>
            <filename>images/starover.png</filename>
            <filename>images/success.png</filename>
            <filename>images/tabact.png</filename>
            <filename>images/tabhov.png</filename>
            <filename>images/tabpas.png</filename>
            <filename>images/thumbscheduled.png</filename>
            <filename>images/turkish/addvideo.png</filename>
            <filename>images/turkish/addvideo_2.png</filename>
            <filename>images/turkish/allvideos.png</filename>
            <filename>images/turkish/allvideos_2.png</filename>
            <filename>images/turkish/batchconversion.png</filename>
            <filename>images/turkish/batchconversion_2.png</filename>
            <filename>images/turkish/featured.png</filename>
            <filename>images/turkish/featured_2.png</filename>
            <filename>images/turkish/help.png</filename>
            <filename>images/turkish/help_2.png</filename>
            <filename>images/turkish/home.png</filename>
            <filename>images/turkish/home_2.png</filename>
            <filename>images/turkish/myvideos.png</filename>
            <filename>images/turkish/myvideos_2.png</filename>
            <filename>images/turkish/pendingvideos.png</filename>
            <filename>images/turkish/pendingvideos_2.png</filename>
            <filename>images/turkish/reportedvideos.png</filename>
            <filename>images/turkish/reportedvideos_2.png</filename>
            <filename>images/turkish/uploadvideo.png</filename>
            <filename>images/turkish/uploadvideo_2.png</filename>
            <filename>images/uploadedfiles.png</filename>
            <filename>images/uploadfromcomputer.png</filename>
            <filename>images/uploadthumb.png</filename>
            <filename>images/uploadvideo.png</filename>
            <filename>images/valeft.png</filename>
            <filename>images/varight.png</filename>
            <filename>images/vbottomback.png</filename>
            <filename>images/vbottomleft.png</filename>
            <filename>images/vbottomright.png</filename>
            <filename>images/video.png</filename>
            <filename>images/vlisttopback.png</filename>
            <filename>images/vlisttopleft.png</filename>
            <filename>images/vlisttopright.png</filename>
            <filename>images/vtitleback.png</filename>
            <filename>images/vtitleleft.png</filename>
            <filename>images/vtitleright.png</filename>
            <filename>images/wait.gif</filename>
            <filename>index.html</filename>
            <filename>style/index.html</filename>
            <filename>style/seyret.tabs.css</filename>
            <filename>style/seyret_style.css</filename>
            <filename>templates/allvideosforbotslist_row.php</filename>
            <filename>templates/comments.php</filename>
            <filename>templates/directory.php</filename>
            <filename>templates/frontpage.php</filename>
            <filename>templates/grouplist.php</filename>
            <filename>templates/index.html</filename>
            <filename>templates/listviewinvideolisttabs.php</filename>
            <filename>templates/mainpage.php</filename>
            <filename>templates/videolist.php</filename>
            <filename>templates/videolist_row.php</filename>
            <filename>templates/videomainarea.php</filename>

	</files>
</seyretxml>