{"vertexFramework":{"shape5_vertex - Default":{"xml_s5_page_bg":"F0F0F0","xml_s5_shadow_color":"BDBDBD","xml_s5_highlight":"4B78A7","xml_s5_fonts_highlight":"Oswald","xml_s5_facebook":"javascript:;","xml_s5_twitter":"javascript:;","xml_s5_google":"javascript:;","xml_s5_linked_in":"javascript:;","xml_s5_rss":"javascript:;","xml_s5_logo_height":"130","xml_s5_logo_width":"400","xml_s5_small_menu":"no","xml_s5_uppercase":"yes","xml_s5_font_resizer":"yes","xml_s5_fonts":"Arial","xml_s5_fixed_fluid":"px","xml_s5_body_width":"960","xml_s5_left_width":"240","xml_s5_left_inset_width":"200","xml_s5_right_width":"238","xml_s5_right_inset_width":"220","xml_s5_show_menu":"show","s5_menu_type":"mainmenu","s5_maxdepth":"10","s5_duration":"1000","s5_hide_delay":"500","s5_opacity":"100","s5_orientation":"horizontal","s5_effect":"2","xml_s5_top_row1_calculation":"automatic","xml_s5_top_row1_manual_widths":"15,25,20,10,13,17","xml_s5_top_row2_calculation":"automatic","xml_s5_top_row2_manual_widths":"15,25,20,10,13,17","xml_s5_top_row3_calculation":"automatic","xml_s5_top_row3_manual_widths":"15,25,20,10,13,17","xml_s5_above_columns_calculation":"automatic","xml_above_columns_manual_widths":"15,25,20,10,13,17","xml_s5_middle_top_calculation":"automatic","xml_s5_middle_top_manual_widths":"15,25,20,10,13,17","xml_s5_above_body_calculation":"automatic","xml_s5_above_body_manual_widths":"15,25,20,10,13,17","xml_s5_middle_bottom_calculation":"automatic","xml_s5_middle_bottom_manual_widths":"15,25,20,10,13,17","xml_s5_below_body_calculation":"automatic","xml_s5_below_body_manual_widths":"15,25,20,10,13,17","xml_s5_below_columns_calculation":"automatic","xml_below_columns_manual_widths":"15,25,20,10,13,17","xml_s5_bottom_row1_calculation":"automatic","xml_s5_bottom_row1_manual_widths":"15,25,20,10,13,17","xml_s5_bottom_row2_calculation":"automatic","xml_s5_bottom_row2_manual_widths":"15,25,20,10,13,17","xml_s5_bottom_row3_calculation":"automatic","xml_s5_bottom_row3_manual_widths":"15,25,20,10,13,17","xml_s5_drop_down_calculation":"automatic","xml_s5_drop_down_manual_widths":"15,25,20,10,13,17","xml_s5_mobile_device_enable_disable":"disabled","xml_s5_mobile_device_menu_subs":"first","xml_s5_mobile_device_menu_title":"Select Menu","xml_s5_mobile_device_login":"enabled","xml_s5_mobile_device_register":"enabled","xml_s5_mobile_device_pc_text":"Show me the PC Version","xml_s5_thirdparty":"enabled","xml_s5_seourl":"","xml_s5_additional_scripts1":"","xml_s5_additional_scripts2":"","xml_s5_ie6plugin":"yes","xml_s5_scrolltotop":"yes","xml_s5_login":"Login","xml_s5_loginout":"Logout","xml_s5_register":"Register","xml_s5_multibox":"yes","xml_s5_multioverlay":"yes","xml_s5_multicontrols":"yes","xml_s5_tooltips":"no","xml_s5_lazyload":"all","xml_s5_resize_columns":"main","xml_s5_resize_columns_delay":"500","xml_s5_lr_tab_border":"838383","xml_s5_lr_tab_color":"FFFFFF","xml_s5_lr_tab_font":"323232","xml_s5_lr_tab1_text":"","xml_s5_lr_tab1_vp":"30","xml_s5_lr_tab1_height":"100","xml_s5_lr_tab1_class":"","xml_s5_lr_tab1_click":"","xml_s5_lr_tab1_left_right":"right","xml_s5_lr_tab2_text":"","xml_s5_lr_tab2_vp":"30","xml_s5_lr_tab2_height":"100","xml_s5_lr_tab2_class":"","xml_s5_lr_tab2_click":"","xml_s5_lr_tab2_left_right":"right","xml_s5_drop_down_overlay":"overlay","xml_s5_drop_down_width":"full","xml_s5_drop_down_button_open_text":"Open Panel","xml_s5_drop_down_button_close_text":"Close Panel","xml_s5_drop_down_button_width":"124","xml_s5_drop_down_button_height":"26","xml_s5_drop_down_button_text_color":"1E1E1E","xml_s5_drop_down_button_text_hover_color":"666666","xml_s5_drop_down_button_text_size":"9","xml_s5_drop_down_button_text_weight":"bold","xml_s5_drop_down_button_gradient_start":"FFFFFF","xml_s5_drop_down_button_gradient_stop":"E5E5E5","xml_s5_drop_down_button_border_size":"1","xml_s5_drop_down_button_border_color":"999999","xml_s5_drop_down_button_radius_size":"8","xml_s5_drop_down_button_shadow":"show","xml_s5_drop_down_button_shadow_size":"8","xml_s5_drop_down_button_shadow_opacity":"0.1","xml_s5_drop_down_button_position":"center","xml_s5_drop_down_background":"FFFFFF","xml_s5_drop_down_background_opacity":"1","xml_s5_drop_down_border_size":"2","xml_s5_drop_down_border_color":"999999","xml_s5_drop_down_shadow":"show","xml_s5_drop_down_shadow_size":"8","xml_s5_drop_down_shadow_opacity":"0.1"}}}