<?xml version="1.0" encoding="utf-8"?>
<mosinstall version="1.0.13" type="component">
    <name>Seyret</name>
    <version>0.2.8.5</version>
    <creationDate>02.17.09</creationDate>
    <author>Mustafa Dindar</author>
    <authorEmail>dindarm@gmail.com</authorEmail>
    <authorUrl>http://www.joomlaholic.com</authorUrl>
    <copyright>2008 Mustafa Dindar</copyright>
    <license>GNU General Public License</license>
    <description>Please goto administration panel first</description>
    <files>
            <filename>changelog.txt</filename>
            <filename>iconmenu.js</filename>
            <filename>includes/class.file.php</filename>
            <filename>includes/classes/categories.class.php</filename>
            <filename>includes/classes/converter.class.php</filename>
            <filename>includes/classes/index.html</filename>
            <filename>includes/classes/installer.class.php</filename>
            <filename>includes/classes/newvideo.class.php</filename>
            <filename>includes/classes/readtemplate.class.php</filename>
            <filename>includes/classes/seyrettoolbar.class.php</filename>
            <filename>includes/classes/testline.txt</filename>
            <filename>includes/classes/user.class.php</filename>
            <filename>includes/classes/video.class.php</filename>
            <filename>includes/classes/videotools.class.php</filename>
            <filename>includes/downloadimg.php</filename>
            <filename>includes/index.html</filename>
            <filename>includes/js/FancyUpload.js</filename>
            <filename>includes/js/index.html</filename>
            <filename>includes/js/Swiff.Base.js</filename>
            <filename>includes/js/Swiff.swf</filename>
            <filename>includes/js/Swiff.Uploader.js</filename>
            <filename>includes/js/Swiff.Uploader.swf</filename>
            <filename>includes/json.php</filename>
            <filename>includes/replytoslider.php</filename>
            <filename>includes/seyret.module.helper.php</filename>
            <filename>includes/seyret_gadgets.php</filename>
            <filename>includes/seyret_permissions.php</filename>
            <filename>index.html</filename>
            <filename>language/english.php</filename>
            <filename>language/english.xml</filename>
            <filename>language/index.html</filename>
            <filename>language/russian.php</filename>
            <filename>language/russian.xml</filename>
            <filename>localplayer/index.html</filename>
            <filename>localplayer/logo.png</filename>
            <filename>localplayer/logosmall.png</filename>
            <filename>localplayer/nothumbnail.png</filename>
            <filename>localplayer/player.swf</filename>
            <filename>localplayer/player.xml</filename>
            <filename>localplayer/playerlicense.txt</filename>
            <filename>localplayer/skins/index.html</filename>
            <filename>localplayer/skins/seyret_default.swf</filename>
            <filename>localplayer/skins/seyret_default.xml</filename>
            <filename>localplayer/skins/bluemetal.swf</filename>
            <filename>localplayer/skins/bluemetal.xml</filename>
            <filename>localplayer/skins/dangdang.swf</filename>
            <filename>localplayer/skins/dangdang.xml</filename>
            <filename>localplayer/skins/modieus.swf</filename>
            <filename>localplayer/skins/modieus.xml</filename>
            <filename>localplayer/skins/nacht.swf</filename>
            <filename>localplayer/skins/nacht.xml</filename>
            <filename>localplayer/skins/snel.swf</filename>
            <filename>localplayer/skins/snel.xml</filename>
            <filename>localplayer/skins/stylish_slim.swf</filename>
            <filename>localplayer/skins/stylish_slim.xml</filename>
            <filename>mootools.js</filename>
            <filename>plugins/comment/discussfb.php</filename>
            <filename>plugins/comment/discussfb.xml</filename>
            <filename>plugins/comment/index.html</filename>
            <filename>plugins/index.html</filename>
            <filename>plugins/videoserver/blip.tv.php</filename>
            <filename>plugins/videoserver/blip.tv.xml</filename>
            <filename>plugins/videoserver/break.com.php</filename>
            <filename>plugins/videoserver/break.com.xml</filename>
            <filename>plugins/videoserver/brightcove.com.php</filename>
            <filename>plugins/videoserver/brightcove.com.xml</filename>
            <filename>plugins/videoserver/brightcove.tv.php</filename>
            <filename>plugins/videoserver/brightcove.tv.xml</filename>
            <filename>plugins/videoserver/clipfish.de.php</filename>
            <filename>plugins/videoserver/clipfish.de.xml</filename>
            <filename>plugins/videoserver/dailymotion.php</filename>
            <filename>plugins/videoserver/dailymotion.xml</filename>
            <filename>plugins/videoserver/gametrailers.com.php</filename>
            <filename>plugins/videoserver/gametrailers.com.xml</filename>
            <filename>plugins/videoserver/glumbert.com.php</filename>
            <filename>plugins/videoserver/glumbert.com.xml</filename>
            <filename>plugins/videoserver/google.php</filename>
            <filename>plugins/videoserver/google.xml</filename>
            <filename>plugins/videoserver/guba.com.php</filename>
            <filename>plugins/videoserver/guba.com.xml</filename>
            <filename>plugins/videoserver/index.html</filename>
            <filename>plugins/videoserver/izlesene.com.php</filename>
            <filename>plugins/videoserver/izlesene.com.xml</filename>
            <filename>plugins/videoserver/livevideo.com.php</filename>
            <filename>plugins/videoserver/livevideo.com.xml</filename>
            <filename>plugins/videoserver/localfile.php</filename>
            <filename>plugins/videoserver/localfile.xml</filename>
            <filename>plugins/videoserver/megavideo.com.php</filename>
            <filename>plugins/videoserver/megavideo.com.xml</filename>
            <filename>plugins/videoserver/metacafe.php</filename>
            <filename>plugins/videoserver/metacafe.xml</filename>
            <filename>plugins/videoserver/mojoflix.com.php</filename>
            <filename>plugins/videoserver/mojoflix.com.xml</filename>
            <filename>plugins/videoserver/myspace.com.php</filename>
            <filename>plugins/videoserver/myspace.com.xml</filename>
            <filename>plugins/videoserver/myspacetv.com.php</filename>
            <filename>plugins/videoserver/myspacetv.com.xml</filename>
            <filename>plugins/videoserver/myvideo.de.php</filename>
            <filename>plugins/videoserver/myvideo.de.xml</filename>
            <filename>plugins/videoserver/neufstream.com.php</filename>
            <filename>plugins/videoserver/neufstream.com.xml</filename>
            <filename>plugins/videoserver/pikniktube.php</filename>
            <filename>plugins/videoserver/pikniktube.xml</filename>
            <filename>plugins/videoserver/putfile.com.php</filename>
            <filename>plugins/videoserver/putfile.com.xml</filename>
            <filename>plugins/videoserver/revver.com.php</filename>
            <filename>plugins/videoserver/revver.com.xml</filename>
            <filename>plugins/videoserver/sclipo.com.php</filename>
            <filename>plugins/videoserver/sclipo.com.xml</filename>
            <filename>plugins/videoserver/sevenload.com.php</filename>
            <filename>plugins/videoserver/sevenload.com.xml</filename>
            <filename>plugins/videoserver/snowvision.com.php</filename>
            <filename>plugins/videoserver/snowvision.com.xml</filename>
            <filename>plugins/videoserver/stupidvideos.com.php</filename>
            <filename>plugins/videoserver/stupidvideos.com.xml</filename>
            <filename>plugins/videoserver/trtube.com.php</filename>
            <filename>plugins/videoserver/trtube.com.xml</filename>
            <filename>plugins/videoserver/uzmantv.com.php</filename>
            <filename>plugins/videoserver/uzmantv.com.xml</filename>
            <filename>plugins/videoserver/veoh.com.php</filename>
            <filename>plugins/videoserver/veoh.com.xml</filename>
            <filename>plugins/videoserver/video.milliyet.com.php</filename>
            <filename>plugins/videoserver/video.milliyet.com.xml</filename>
            <filename>plugins/videoserver/video.msn.com.php</filename>
            <filename>plugins/videoserver/video.msn.com.xml</filename>
            <filename>plugins/videoserver/video.yahoo.com.php</filename>
            <filename>plugins/videoserver/video.yahoo.com.xml</filename>
            <filename>plugins/videoserver/vidiac.com.php</filename>
            <filename>plugins/videoserver/vidiac.com.xml</filename>
            <filename>plugins/videoserver/vimeo.com.php</filename>
            <filename>plugins/videoserver/vimeo.com.xml</filename>
            <filename>plugins/videoserver/youtube.php</filename>
            <filename>plugins/videoserver/youtube.xml</filename>
            <filename>responseseyret.php</filename>
            <filename>seyret.html.php</filename>
            <filename>seyret.js</filename>
            <filename>seyret.php</filename>
            <filename>slider.swf</filename>
            <filename>themes/default/default.xml</filename>
            <filename>themes/default/images/addfromserver.png</filename>
            <filename>themes/default/images/ascend.png</filename>
            <filename>themes/default/images/blank.gif</filename>
            <filename>themes/default/images/b_icons/ask.png</filename>
            <filename>themes/default/images/b_icons/blinkbits_trans.gif</filename>
            <filename>themes/default/images/b_icons/blinklist_trans.gif</filename>
            <filename>themes/default/images/b_icons/blogmarks_trans.gif</filename>
            <filename>themes/default/images/b_icons/delicious.png</filename>
            <filename>themes/default/images/b_icons/digg.png</filename>
            <filename>themes/default/images/b_icons/diigo_trans.gif</filename>
            <filename>themes/default/images/b_icons/facebook.png</filename>
            <filename>themes/default/images/b_icons/folkd_trans.gif</filename>
            <filename>themes/default/images/b_icons/furl.png</filename>
            <filename>themes/default/images/b_icons/gnolia_trans.gif</filename>
            <filename>themes/default/images/b_icons/google.png</filename>
            <filename>themes/default/images/b_icons/google_trans.gif</filename>
            <filename>themes/default/images/b_icons/index.html</filename>
            <filename>themes/default/images/b_icons/live.png</filename>
            <filename>themes/default/images/b_icons/magnolia.png</filename>
            <filename>themes/default/images/b_icons/netscape.png</filename>
            <filename>themes/default/images/b_icons/netscape_trans.gif</filename>
            <filename>themes/default/images/b_icons/netvouz_trans.gif</filename>
            <filename>themes/default/images/b_icons/newsvine.png</filename>
            <filename>themes/default/images/b_icons/newsvine_trans.gif</filename>
            <filename>themes/default/images/b_icons/ning.png</filename>
            <filename>themes/default/images/b_icons/oneview_trans.gif</filename>
            <filename>themes/default/images/b_icons/rawsugar.png</filename>
            <filename>themes/default/images/b_icons/reddit.png</filename>
            <filename>themes/default/images/b_icons/simpy.png</filename>
            <filename>themes/default/images/b_icons/slashdot_trans.gif</filename>
            <filename>themes/default/images/b_icons/smarking_trans.gif</filename>
            <filename>themes/default/images/b_icons/spurl.png</filename>
            <filename>themes/default/images/b_icons/spurl_trans.gif</filename>
            <filename>themes/default/images/b_icons/squidoo.png</filename>
            <filename>themes/default/images/b_icons/stumble1.gif</filename>
            <filename>themes/default/images/b_icons/stumbleupon_trans.gif</filename>
            <filename>themes/default/images/b_icons/tagtooga.png</filename>
            <filename>themes/default/images/b_icons/technorati.png</filename>
            <filename>themes/default/images/b_icons/technorati_trans.gif</filename>
            <filename>themes/default/images/b_icons/webnews_trans.gif</filename>
            <filename>themes/default/images/b_icons/yahoo.png</filename>
            <filename>themes/default/images/catbotleft.png</filename>
            <filename>themes/default/images/catbotmid.png</filename>
            <filename>themes/default/images/catbotright.png</filename>
            <filename>themes/default/images/catleft.png</filename>
            <filename>themes/default/images/catright.png</filename>
            <filename>themes/default/images/cattopleft.png</filename>
            <filename>themes/default/images/cattopmid.png</filename>
            <filename>themes/default/images/cattopright.png</filename>
            <filename>themes/default/images/checklist.png</filename>
            <filename>themes/default/images/close.png</filename>
            <filename>themes/default/images/delete.png</filename>
            <filename>themes/default/images/descend.png</filename>
            <filename>themes/default/images/directory.gif</filename>
            <filename>themes/default/images/dot.gif</filename>
            <filename>themes/default/images/download.png</filename>
            <filename>themes/default/images/edit.png</filename>
            <filename>themes/default/images/embedicon.png</filename>
            <filename>themes/default/images/english/addvideo.png</filename>
            <filename>themes/default/images/english/addvideo_2.png</filename>
            <filename>themes/default/images/english/allvideos.png</filename>
            <filename>themes/default/images/english/allvideos_2.png</filename>
            <filename>themes/default/images/english/batchconversion.png</filename>
            <filename>themes/default/images/english/batchconversion_2.png</filename>
            <filename>themes/default/images/english/defaultenglish.xml</filename>
            <filename>themes/default/images/english/featured.png</filename>
            <filename>themes/default/images/english/featured_2.png</filename>
            <filename>themes/default/images/english/help.png</filename>
            <filename>themes/default/images/english/help_2.png</filename>
            <filename>themes/default/images/english/home.png</filename>
            <filename>themes/default/images/english/home_2.png</filename>
            <filename>themes/default/images/english/index.html</filename>
            <filename>themes/default/images/english/myvideos.png</filename>
            <filename>themes/default/images/english/myvideos_2.png</filename>
            <filename>themes/default/images/english/pendingvideos.png</filename>
            <filename>themes/default/images/english/pendingvideos_2.png</filename>
            <filename>themes/default/images/english/reportedvideos.png</filename>
            <filename>themes/default/images/english/reportedvideos_2.png</filename>
            <filename>themes/default/images/english/uploadvideo.png</filename>
            <filename>themes/default/images/english/uploadvideo_2.png</filename>
            <filename>themes/default/images/failed.png</filename>
            <filename>themes/default/images/fileupload.png</filename>
            <filename>themes/default/images/frombackup.png</filename>
            <filename>themes/default/images/fullscreen.png</filename>
            <filename>themes/default/images/gopage.png</filename>
            <filename>themes/default/images/gotorss.png</filename>
            <filename>themes/default/images/index.html</filename>
            <filename>themes/default/images/info.png</filename>
            <filename>themes/default/images/infoback.jpg</filename>
            <filename>themes/default/images/left.png</filename>
            <filename>themes/default/images/loaderbar.jpg</filename>
            <filename>themes/default/images/messagelist.png</filename>
            <filename>themes/default/images/module_addeddate.png</filename>
            <filename>themes/default/images/module_category.png</filename>
            <filename>themes/default/images/module_click.png</filename>
            <filename>themes/default/images/module_download.png</filename>
            <filename>themes/default/images/module_favorite.png</filename>
            <filename>themes/default/images/module_rating.png</filename>
            <filename>themes/default/images/module_user.png</filename>
            <filename>themes/default/images/myplaylist.png</filename>
            <filename>themes/default/images/noaccess.png</filename>
            <filename>themes/default/images/noavatar.jpg</filename>
            <filename>themes/default/images/playlisttoggler.png</filename>
            <filename>themes/default/images/postponed.png</filename>
            <filename>themes/default/images/quoteicon.gif</filename>
            <filename>themes/default/images/refresh.png</filename>
            <filename>themes/default/images/removequee.png</filename>
            <filename>themes/default/images/reply.png</filename>
            <filename>themes/default/images/replylistback.png</filename>
            <filename>themes/default/images/replylistforward.png</filename>
            <filename>themes/default/images/report.png</filename>
            <filename>themes/default/images/right.png</filename>
            <filename>themes/default/images/rss.png</filename>
            <filename>themes/default/images/rssbig.png</filename>
            <filename>themes/default/images/search.png</filename>
            <filename>themes/default/images/share.png</filename>
            <filename>themes/default/images/star0.png</filename>
            <filename>themes/default/images/starfull.png</filename>
            <filename>themes/default/images/starover.png</filename>
            <filename>themes/default/images/success.png</filename>
            <filename>themes/default/images/tabact.png</filename>
            <filename>themes/default/images/tabhov.png</filename>
            <filename>themes/default/images/tabpas.png</filename>
            <filename>themes/default/images/thumbscheduled.png</filename>
            <filename>themes/default/images/russian/addvideo.png</filename>
            <filename>themes/default/images/russian/addvideo_2.png</filename>
            <filename>themes/default/images/russian/allvideos.png</filename>
            <filename>themes/default/images/russian/allvideos_2.png</filename>
            <filename>themes/default/images/russian/batchconversion.png</filename>
            <filename>themes/default/images/russian/batchconversion_2.png</filename>
            <filename>themes/default/images/russian/defaultrussian.xml</filename>
            <filename>themes/default/images/russian/featured.png</filename>
            <filename>themes/default/images/russian/featured_2.png</filename>
            <filename>themes/default/images/russian/help.png</filename>
            <filename>themes/default/images/russian/help_2.png</filename>
            <filename>themes/default/images/russian/home.png</filename>
            <filename>themes/default/images/russian/home_2.png</filename>
            <filename>themes/default/images/russian/myvideos.png</filename>
            <filename>themes/default/images/russian/myvideos_2.png</filename>
            <filename>themes/default/images/russian/pendingvideos.png</filename>
            <filename>themes/default/images/russian/pendingvideos_2.png</filename>
            <filename>themes/default/images/russian/reportedvideos.png</filename>
            <filename>themes/default/images/russian/reportedvideos_2.png</filename>
            <filename>themes/default/images/russian/uploadvideo.png</filename>
            <filename>themes/default/images/russian/uploadvideo_2.png</filename>
            <filename>themes/default/images/uploadedfiles.png</filename>
            <filename>themes/default/images/uploadfromcomputer.png</filename>
            <filename>themes/default/images/uploadthumb.png</filename>
            <filename>themes/default/images/uploadvideo.png</filename>
            <filename>themes/default/images/valeft.png</filename>
            <filename>themes/default/images/varight.png</filename>
            <filename>themes/default/images/vbottomback.png</filename>
            <filename>themes/default/images/vbottomleft.png</filename>
            <filename>themes/default/images/vbottomright.png</filename>
            <filename>themes/default/images/video.png</filename>
            <filename>themes/default/images/vlisttopback.png</filename>
            <filename>themes/default/images/vlisttopleft.png</filename>
            <filename>themes/default/images/vlisttopright.png</filename>
            <filename>themes/default/images/vtitleback.png</filename>
            <filename>themes/default/images/vtitleleft.png</filename>
            <filename>themes/default/images/vtitleright.png</filename>
            <filename>themes/default/images/wait.gif</filename>
            <filename>themes/default/index.html</filename>
            <filename>themes/default/style/index.html</filename>
            <filename>themes/default/style/seyret.tabs.css</filename>
            <filename>themes/default/style/seyret_style.css</filename>
            <filename>themes/default/templates/allvideosforbotslist_row.php</filename>
            <filename>themes/default/templates/comments.php</filename>
            <filename>themes/default/templates/directory.php</filename>
            <filename>themes/default/templates/frontpage.php</filename>
            <filename>themes/default/templates/grouplist.php</filename>
            <filename>themes/default/templates/index.html</filename>
            <filename>themes/default/templates/listviewinvideolisttabs.php</filename>
            <filename>themes/default/templates/mainpage.php</filename>
            <filename>themes/default/templates/mainpagecategory.php</filename>
            <filename>themes/default/templates/videolist.php</filename>
            <filename>themes/default/templates/videolist_row.php</filename>
            <filename>themes/default/templates/videomainarea.php</filename>
            <filename>themes/index.html</filename>
            <filename>ufo.js</filename>
            <filename>videouploader.swf</filename>

    </files>

    <administration>

	<menu>Seyret</menu>
    <files>
            <filename>admin.seyret.html.php</filename>
            <filename>admin.seyret.php</filename>
            <filename>dashboard.swf</filename>
            <filename>hofame.html</filename>
            <filename>images/adconfig.png</filename>
            <filename>images/admanagement.png</filename>
            <filename>images/becareful.gif</filename>
            <filename>images/blank.gif</filename>
            <filename>images/branch.png</filename>
            <filename>images/button1left.png</filename>
            <filename>images/button1mid.png</filename>
            <filename>images/button1right.png</filename>
            <filename>images/button2left.png</filename>
            <filename>images/button2mid.png</filename>
            <filename>images/button2right.png</filename>
            <filename>images/categories.png</filename>
            <filename>images/caution.png</filename>
            <filename>images/closed.png</filename>
            <filename>images/closed_folder.png</filename>
            <filename>images/config.png</filename>
            <filename>images/connectwarn.png</filename>
            <filename>images/donatebuttons.acl</filename>
            <filename>images/donation.png</filename>
            <filename>images/download.png</filename>
            <filename>images/expanded.png</filename>
            <filename>images/expanded_folder.png</filename>
            <filename>images/extras.png</filename>
            <filename>images/featured.png</filename>
            <filename>images/hasbackup.png</filename>
            <filename>images/imageads.png</filename>
            <filename>images/index.html</filename>
            <filename>images/installdatabase.png</filename>
            <filename>images/isbackup.png</filename>
            <filename>images/jalemmessages.png</filename>
            <filename>images/jalemspecialmessages.png</filename>
            <filename>images/jalemversioncheck.png</filename>
            <filename>images/last_closed.png</filename>
            <filename>images/last_expanded.png</filename>
            <filename>images/last_leaf.png</filename>
            <filename>images/leaf.png</filename>
            <filename>images/line.png</filename>
            <filename>images/missing.png</filename>
            <filename>images/noproblem.png</filename>
            <filename>images/permissions.png</filename>
            <filename>images/plugins.png</filename>
            <filename>images/problem.png</filename>
            <filename>images/proceeduninstall.png</filename>
            <filename>images/prook.png</filename>
            <filename>images/reload.png</filename>
            <filename>images/reset.png</filename>
            <filename>images/trackingno.png</filename>
            <filename>images/trackingyes.png</filename>
            <filename>images/uninstall.png</filename>
            <filename>images/upgradedatabase.png</filename>
            <filename>images/videos.png</filename>
            <filename>images/vidpermissions.png</filename>
            <filename>images/wait.gif</filename>
            <filename>images/warning.png</filename>
            <filename>index.html</filename>
            <filename>longtail_config.php</filename>
            <filename>repos/mod_seyret_aio.php</filename>
            <filename>repos/mod_seyret_aio.xmlsyr</filename>
            <filename>seyret.class.php</filename>
            <filename>seyret.file.php</filename>
            <filename>seyret.xml</filename>
            <filename>seyrettos.html</filename>
            <filename>seyrettos_fla.html</filename>
            <filename>seyret_config.php</filename>
            <filename>seyret_version.php</filename>
            <filename>sql/index.html</filename>
            <filename>sql/install/freshinstall.sql</filename>
            <filename>sql/install/index.html</filename>
            <filename>sql/install/uninstall.sql</filename>
            <filename>sql/upgrade/0_2_1_to_0_2_2.sql</filename>
            <filename>sql/upgrade/0_2_2_to_0_2_3.sql</filename>
            <filename>sql/upgrade/0_2_3_to_0_2_4.sql</filename>
            <filename>sql/upgrade/0_2_4_to_0_2_5.sql</filename>
            <filename>sql/upgrade/0_2_5_to_0_2_6.sql</filename>
            <filename>sql/upgrade/0_2_6_1_to_0_2_6_2.sql</filename>
            <filename>sql/upgrade/0_2_6_2_to_0_2_6_7.sql</filename>
            <filename>sql/upgrade/0_2_6_7_to_0_2_6_8.sql</filename>
            <filename>sql/upgrade/0_2_6_8_to_0_2_6_9.sql</filename>
            <filename>sql/upgrade/0_2_6_9a_to_0_2_7.sql</filename>
            <filename>sql/upgrade/0_2_6_9_to_0_2_6_9a.sql</filename>
            <filename>sql/upgrade/0_2_6_to_0_2_6_1.sql</filename>
            <filename>sql/upgrade/0_2_7_1_to_0_2_7_2.sql</filename>
            <filename>sql/upgrade/0_2_7_2_to_0_2_7_3.sql</filename>
            <filename>sql/upgrade/0_2_7_3_to_0_2_7_4.sql</filename>
            <filename>sql/upgrade/0_2_7_4_to_0_2_7_5.sql</filename>
            <filename>sql/upgrade/0_2_7_5_to_0_2_7_6.sql</filename>
            <filename>sql/upgrade/0_2_7_6_to_0_2_7_7.sql</filename>
            <filename>sql/upgrade/0_2_7_7_to_0_2_7_8.sql</filename>
            <filename>sql/upgrade/0_2_7_8_to_0_2_7_9.sql</filename>
            <filename>sql/upgrade/0_2_7_9_to_0_2_8.sql</filename>
            <filename>sql/upgrade/0_2_7_to_0_2_7_1.sql</filename>
            <filename>sql/upgrade/0_2_8_1_to_0_2_8_2.sql</filename>
            <filename>sql/upgrade/0_2_8_2_to_0_2_8_3.sql</filename>
            <filename>sql/upgrade/0_2_8_3_to_0_2_8_4.sql</filename>
            <filename>sql/upgrade/0_2_8_4_to_0_2_8_5.sql</filename>
            <filename>sql/upgrade/0_2_8_to_0_2_8_1.sql</filename>
            <filename>sql/upgrade/0_2_to_0_2_1.sql</filename>
            <filename>sql/upgrade/index.html</filename>
            <filename>style/index.html</filename>
            <filename>style/seyret_admin_style.css</filename>
            <filename>toolbar.seyret.html.php</filename>
            <filename>toolbar.seyret.php</filename>
            <filename>versionhistory.php</filename>

   </files>
    </administration>
    <params />
</mosinstall>