<?xml version="1.0" encoding="iso-8859-1"?>
<install type="xmap_ext" version="1.5.0">
	<name>JWallpapers Xmap Plugin</name>
	<author>Arunas Mazeika</author>
	<creationDate>03/06/2009</creationDate>
	<copyright>Copyright (C) 2009 Arunas Mazeika - All rights
		reserved</copyright>
	<license>http://www.gnu.org/copyleft/gpl.html
		GNU/GPL</license>
	<authorEmail>jwallpapers@wextend.com
	</authorEmail>
	<authorUrl>www.wextend.com</authorUrl>
	<version>1.1</version>
	<description>Xmap plugin for JWallpapers component</description>
	<files>
		<filename xmap_ext="com_jwallpapers">com_jwallpapers.php
		</filename>
	</files>
	<params>
		<param name="include_files" type="list" default="1" label="Show Files"
			description="Should we include picture files into the sitemap?">
			<option value="0">Never</option>
			<option value="1">Always</option>
			<option value="2">In XML Sitemap Only</option>
			<option value="3">In Site Sitemap Only</option>
		</param>
		<param name="max_files" type="text" default="" label="Max files"
			description="Max number of picture files per category to include on sitemap (Leave empty for no limit)" />
		<param name="max_age" type="text" default="" label="Newest than"
			description="Only show picture files newest than this number of days (Leave it blank to ignore this option)" />
		<param name="@spacer" type="spacer" default="" label="XML Sitemap"
			description="Options for the XML sitemap only" />
		<param name="cat_priority" type="list" default="-1"
			label="Category Priority" description="Set the priority for the categories">
			<option value="-1">Use Parent Menu Settings</option>
			<option value="0.0">0.0</option>
			<option value="0.1">0.1</option>
			<option value="0.2">0.2</option>
			<option value="0.3">0.3</option>
			<option value="0.4">0.4</option>
			<option value="0.5">0.5</option>
			<option value="0.6">0.6</option>
			<option value="0.7">0.7</option>
			<option value="0.8">0.8</option>
			<option value="0.9">0.9</option>
			<option value="1">1</option>
		</param>
		<param name="cat_changefreq" type="list" default="-1"
			label="Category Change frequency" description="Set the chage frequency for the categories">
			<option value="-1">Use Parent Menu Settings</option>
			<option value="always">Always</option>
			<option value="hourly">Hourly</option>
			<option value="daily">Daily</option>
			<option value="weekly">Weekly</option>
			<option value="monthly">Monthly</option>
			<option value="yearly">Yearly</option>
			<option value="never">Never</option>
		</param>
		<param name="file_priority" type="list" default="-1" label="File Priority"
			description="Set the priority for the picture files">
			<option value="-1">Use Parent Menu Settings</option>
			<option value="0.0">0.0</option>
			<option value="0.1">0.1</option>
			<option value="0.2">0.2</option>
			<option value="0.3">0.3</option>
			<option value="0.4">0.4</option>
			<option value="0.5">0.5</option>
			<option value="0.6">0.6</option>
			<option value="0.7">0.7</option>
			<option value="0.8">0.8</option>
			<option value="0.9">0.9</option>
			<option value="1">1</option>
		</param>
		<param name="file_changefreq" type="list" default="-1"
			label="File Change frequency" description="Set the chage frequency for the picture files">
			<option value="-1">Use Parent Menu Settings</option>
			<option value="always">Always</option>
			<option value="hourly">Hourly</option>
			<option value="daily">Daily</option>
			<option value="weekly">Weekly</option>
			<option value="monthly">Monthly</option>
			<option value="yearly">Yearly</option>
			<option value="never">Never</option>
		</param>
	</params>
</install>
