<?xml version="1.0" encoding="iso-8859-1"?>
<seyretxml>
	<name>nacht Skin for Seyret Player</name>
	<packageversion>2</packageversion>
	<type>playerskin</type>
	<date>27.08.2008</date>
	<author>HZ</author>
	<authorEmail>hz@hz.hz</authorEmail>
	<authorUrl>hz.com</authorUrl>
	<copyright>hz</copyright>
	<description>nacht Skin for flv player</description>
	<targetfolder>/components/com_seyret/localplayer/skins</targetfolder>
	<compatibility>0.2.8.1</compatibility>
	<files>
		<filename>nacht.xml</filename>
		<filename>nacht.swf</filename>
	</files>
</seyretxml>