<?xml version="1.0" encoding="utf-8"?>
<seyretxml>
	<name>Seyret_default Skin for Seyret Player</name>
	<packageversion>1</packageversion>
	<type>playerskin</type>
	<date>27.08.2008</date>
	<author>Mustafa Dindar</author>
	<authorEmail>dindarm@gmail.com</authorEmail>
	<authorUrl>http://www.joomlaholic.com</authorUrl>
	<copyright>2008 Mustafa Dindar</copyright>
	<description>Seyret_default1 Skin for flv player</description>
	<targetfolder>/components/com_seyret/localplayer/skins</targetfolder>
	<compatibility>0.2.8.1</compatibility>
	<files>
		<filename>seyret_default.xml</filename>
		<filename>seyret_default.swf</filename>
	</files>
</seyretxml>