<?xml version="1.0" encoding="utf-8"?>
<seyretxml>
	<name>snel_slim skin for Seyret Player</name>
	<packageversion>2</packageversion>
	<type>playerskin</type>
	<date>27.08.2008</date>
	<author>HZ</author>
	<authorEmail>hz@hz.hz</authorEmail>
	<authorUrl>http://hz.hz</authorUrl>
	<copyright>2008 hz</copyright>
	<description>snel skin for flv player</description>
	<targetfolder>/components/com_seyret/localplayer/skins</targetfolder>
	<compatibility>0.2.8.5</compatibility>
	<files>
		<filename>snel.xml</filename>
		<filename>snel.swf</filename>
	</files>
</seyretxml>