<?xml version="1.0" encoding="UTF-8"?>
<cbinstall version="1.0" type="plugin" group="user">
	<name>JWallpapers Pictures Tab</name>
	<author>Arunas Mazeika</author>
	<creationDate>May 2010</creationDate>
	<copyright>Copyright (C) 2009 Arunas Mazeika - All rights reserved</copyright>
	<license>GNU/GPL</license>
	<authorEmail>jwallpapers@wextend.com</authorEmail>
	<authorUrl>www.wextend.com</authorUrl>
	<version>1.2</version>
	<description>Provides a profile tab with all the JWallpapers pictures uploaded by the user</description>
	<files>
		<filename plugin="cb.jwallpaperspicstab">cb.jwallpaperspicstab.php</filename>
		<filename>en-GB.jwallpaperspicturestab.php</filename>
		<filename>es-ES.jwallpaperspicturestab.php</filename>
		<filename>fr-FR.jwallpaperspicturestab.php</filename>
		<filename>index.html</filename>
	</files>
	<params>
	</params>
	<tabs>
		<tab name="Pictures" description="Uploaded pictures" class="getJWallpapersPicsTab"
			fields="0" displaytype="tab">
			<params>
				<param name="thumbs_lines" type="text" default="3"
					label="Thumbnails lines per page" description="Number of Lines for Thumbnails display"
					size="2">
				</param>
				<param name="thumbs_columns" type="text" default="3"
					label="Thumbnails columns per page" description="Number of columns for Thumbnails display"
					size="2">
				</param>
				<param name="target_new_window" type="radio" default="0"
					label="Show picture details in a new window ?"
					description="If set to Yes, the detailed picture view will be shown in a new window when a thumbnail from the module is clicked. Otherwise the view will be shown in the same window. The same applies to the more pics link">
					<option value="0">No</option>
					<option value="1">Yes</option>
				</param>
				<param name="show_thumb_info" type="radio" default="0"
					label="Show the thumb info ?"
					description="If set to Yes, the picture info (visits and ratings) will be shown regardless of the global JWallpapers settings">
					<option value="0">No</option>
					<option value="1">Yes</option>
				</param>
				<param name="show_thumb_title" type="radio" default="1"
					label="Show the thumb title ?"
					description="If set to Yes, the thumb title will be shown regardless of the global JWallpapers settings">
					<option value="0">No</option>
					<option value="1">Yes</option>
				</param>
				<param name="thumbs_width" type="text" default=""
					label="Thumb width (px)"
					description="Use this field to override the size of the thumbs. The given width will be used instead of the real thumb size defined in the main component settings" />
				<param name="thumbs_height" type="text" default=""
					label="Thumb height (px)"
					description="Use this field to override the size of the thumbs. The given height will be used instead of the real thumb size defined in the main component settings" />
				<param name="thumbs_wrapper_height_mod" type="text" default="90"
					label="Thumb wrapper height modifier (px)"
					description="Use this field to modify/optimize the height of the element that contains (wraps) the thumb. The approximate height (some additional pixels are added for borders) of the element equals the sum of the thumb height plus this value. This field adds the necessary extra space around the picture in order to show the thumb info, title and template effects. The obtained results while changing this value will depend on the CSS styles of both JWallpapers and your template. Insufficient or exaggerated space may result on broken (bad looking) thumbs" />
				<param name="thumbs_wrapper_width_mod" type="text" default="14"
					label="Thumb wrapper width modifier (px)"
					description="Use this field to modify/optimize the width of the element that contains (wraps) the thumb. The approximate width (some additional pixels are added for borders) of the element equals the sum of the thumb width plus this value. This field adds the necessary extra space around the picture in order to show the thumb info, title and template effects. The obtained results while changing this value will depend on the CSS styles of both JWallpapers and your template. Insufficient or exaggerated space may result on broken (bad looking) thumbs" />
			</params>
			<fields>
			</fields>
		</tab>
	</tabs>
	<install>
		<queries>
		</queries>
	</install>
	<uninstall>
		<queries>
		</queries>
	</uninstall>
</cbinstall>